{"cameraMode":{"drawMode":0,"name":"Shaded","section":"Shading Mode"},"sceneLighting":true,"audioPlay":false,"sceneViewState":{"showFog":true,"showMaterialUpdate":true,"showSkybox":true,"showFlares":true,"showImageEffects":true,"showParticleSystems":true},"in2DMode":false,"pivot":{"x":-0.6727967858314514,"y":10.677506446838379,"z":-0.8158035278320313},"rotation":{"x":-0.16572296619415284,"y":-0.011540611274540425,"z":0.0019368246430531145,"w":-0.9861116409301758},"size":19.179582595825197,"orthographic":false}