{"cameraMode":{"drawMode":0,"name":"Shaded","section":"Shading Mode"},"sceneLighting":true,"audioPlay":false,"sceneViewState":{"showFog":true,"showMaterialUpdate":true,"showSkybox":true,"showFlares":true,"showImageEffects":true,"showParticleSystems":true},"in2DMode":false,"pivot":{"x":3.7218990325927736,"y":-12.186295509338379,"z":66.59300231933594},"rotation":{"x":0.15975621342658997,"y":0.026055878028273584,"z":-0.004218305926769972,"w":0.9868037700653076},"size":47.53826904296875,"orthographic":false}