{"cameraMode":{"drawMode":0,"name":"Shaded","section":"Shading Mode"},"sceneLighting":false,"audioPlay":false,"sceneViewState":{"showFog":true,"showMaterialUpdate":true,"showSkybox":false,"showFlares":true,"showImageEffects":true,"showParticleSystems":true},"in2DMode":false,"pivot":{"x":-1.1449999809265137,"y":1.5736865997314454,"z":11.401496887207032},"rotation":{"x":0.3297082781791687,"y":-0.010208601132035256,"z":0.0034956932067871095,"w":0.944063663482666},"size":1.5125854015350342,"orthographic":false}