{"cameraMode":{"drawMode":0,"name":"Shaded","section":"Shading Mode"},"sceneLighting":false,"audioPlay":false,"sceneViewState":{"showFog":true,"showMaterialUpdate":true,"showSkybox":false,"showFlares":true,"showImageEffects":true,"showParticleSystems":true},"in2DMode":false,"pivot":{"x":-27.21249771118164,"y":8.141338348388672,"z":14.50892448425293},"rotation":{"x":-0.25919291377067568,"y":-0.04688618704676628,"z":0.012877164408564568,"w":-0.9646655321121216},"size":1.3895574808120728,"orthographic":false}