{"cameraMode":{"drawMode":0,"name":"Shaded","section":"Shading Mode"},"sceneLighting":true,"audioPlay":false,"sceneViewState":{"showFog":true,"showMaterialUpdate":true,"showSkybox":true,"showFlares":true,"showImageEffects":true,"showParticleSystems":true},"in2DMode":false,"pivot":{"x":2.6814212799072267,"y":-24.822694778442384,"z":32.3164176940918},"rotation":{"x":0.34806886315345766,"y":0.007757006678730249,"z":-0.0032837335020303728,"w":0.9375068545341492},"size":38.8278923034668,"orthographic":false}