{"cameraMode":{"drawMode":0,"name":"Shaded","section":"Shading Mode"},"sceneLighting":true,"audioPlay":false,"sceneViewState":{"showFog":true,"showMaterialUpdate":true,"showSkybox":true,"showFlares":true,"showImageEffects":true,"showParticleSystems":true},"in2DMode":false,"pivot":{"x":5.531027793884277,"y":-11.232855796813965,"z":3.1973705291748049},"rotation":{"x":-0.3367363512516022,"y":-0.016667796298861505,"z":0.005959939677268267,"w":-0.9414415955543518},"size":19.23673439025879,"orthographic":false}