{"cameraMode":{"drawMode":0,"name":"Shaded","section":"Shading Mode"},"sceneLighting":false,"audioPlay":false,"sceneViewState":{"showFog":true,"showMaterialUpdate":true,"showSkybox":false,"showFlares":true,"showImageEffects":true,"showParticleSystems":true},"in2DMode":false,"pivot":{"x":-4.973045825958252,"y":5.6945343017578129,"z":-6.693633556365967},"rotation":{"x":0.3054161071777344,"y":0.027130523696541787,"z":-0.008713179267942906,"w":0.9518104195594788},"size":3.4174442291259767,"orthographic":false}