{"cameraMode":{"drawMode":0,"name":"Shaded","section":"Shading Mode"},"sceneLighting":true,"audioPlay":false,"sceneViewState":{"showFog":true,"showMaterialUpdate":true,"showSkybox":true,"showFlares":true,"showImageEffects":true,"showParticleSystems":true},"in2DMode":false,"pivot":{"x":1.264448642730713,"y":6.768033504486084,"z":-6.504755973815918},"rotation":{"x":0.2998316287994385,"y":-0.007826326414942742,"z":0.0020672017708420755,"w":0.9540335536003113},"size":7.621243476867676,"orthographic":false}