{"cameraMode":{"drawMode":0,"name":"Shaded","section":"Shading Mode"},"sceneLighting":false,"audioPlay":false,"sceneViewState":{"showFog":true,"showMaterialUpdate":true,"showSkybox":false,"showFlares":true,"showImageEffects":true,"showParticleSystems":true},"in2DMode":false,"pivot":{"x":-8.324674606323243,"y":2.2045235633850099,"z":-4.062130451202393},"rotation":{"x":-0.18346485495567323,"y":0.005306667182594538,"z":-0.0007965873228386045,"w":-0.9830700159072876},"size":4.313595294952393,"orthographic":false}