{"cameraMode":{"drawMode":0,"name":"Shaded","section":"Shading Mode"},"sceneLighting":true,"audioPlay":false,"sceneViewState":{"showFog":true,"showMaterialUpdate":true,"showSkybox":true,"showFlares":true,"showImageEffects":true,"showParticleSystems":true},"in2DMode":false,"pivot":{"x":6.472329616546631,"y":8.808488845825196,"z":10.787784576416016},"rotation":{"x":0.011998314410448075,"y":-0.0042018708772957329,"z":-0.00005213022086536512,"w":-0.9999264478683472},"size":10.656237602233887,"orthographic":false}