{"cameraMode":{"drawMode":0,"name":"Shaded","section":"Shading Mode"},"sceneLighting":false,"audioPlay":false,"sceneViewState":{"showFog":true,"showMaterialUpdate":true,"showSkybox":false,"showFlares":true,"showImageEffects":true,"showParticleSystems":true},"in2DMode":false,"pivot":{"x":-5.592514991760254,"y":-0.38228321075439455,"z":-0.23809337615966798},"rotation":{"x":0.2557923197746277,"y":0.503682017326355,"z":-0.15912558138370515,"w":0.809669554233551},"size":5.283550262451172,"orthographic":false}