{"cameraMode":{"drawMode":0,"name":"Shaded","section":"Shading Mode"},"sceneLighting":true,"audioPlay":false,"sceneViewState":{"showFog":true,"showMaterialUpdate":true,"showSkybox":true,"showFlares":true,"showImageEffects":true,"showParticleSystems":true},"in2DMode":false,"pivot":{"x":1.743341088294983,"y":10.049772262573243,"z":5.3842926025390629},"rotation":{"x":0.24205884337425233,"y":-0.009900234639644623,"z":0.0024698737543076278,"w":0.9702086448669434},"size":21.11236572265625,"orthographic":false}