{"cameraMode":{"drawMode":0,"name":"Shaded","section":"Shading Mode"},"sceneLighting":true,"audioPlay":false,"sceneViewState":{"showFog":true,"showMaterialUpdate":true,"showSkybox":true,"showFlares":true,"showImageEffects":true,"showParticleSystems":true},"in2DMode":false,"pivot":{"x":-0.36116209626197817,"y":0.18361282348632813,"z":3.6620235443115236},"rotation":{"x":-0.28835034370422366,"y":0.0002846935240086168,"z":-0.0000875473051564768,"w":-0.9575329422950745},"size":15.864849090576172,"orthographic":false}