{"cameraMode":{"drawMode":0,"name":"Shaded","section":"Shading Mode"},"sceneLighting":false,"audioPlay":false,"sceneViewState":{"showFog":true,"showMaterialUpdate":true,"showSkybox":false,"showFlares":true,"showImageEffects":true,"showParticleSystems":true},"in2DMode":false,"pivot":{"x":-23.679960250854493,"y":-18.06340789794922,"z":41.12007522583008},"rotation":{"x":0.3522559702396393,"y":-0.012929578311741352,"z":0.004796038381755352,"w":0.9358444213867188},"size":22.765077590942384,"orthographic":false}