{"cameraMode":{"drawMode":0,"name":"Shaded","section":"Shading Mode"},"sceneLighting":true,"audioPlay":false,"sceneViewState":{"showFog":true,"showMaterialUpdate":true,"showSkybox":true,"showFlares":true,"showImageEffects":true,"showParticleSystems":true},"in2DMode":false,"pivot":{"x":2.843909978866577,"y":4.667390823364258,"z":5.405296325683594},"rotation":{"x":-0.29261499643325808,"y":0.016061266884207727,"z":-0.004917377606034279,"w":-0.9560905694961548},"size":16.616334915161134,"orthographic":false}