{"cameraMode":{"drawMode":0,"name":"Shaded","section":"Shading Mode"},"sceneLighting":false,"audioPlay":false,"sceneViewState":{"showFog":true,"showMaterialUpdate":true,"showSkybox":false,"showFlares":true,"showImageEffects":true,"showParticleSystems":true},"in2DMode":false,"pivot":{"x":107.67657470703125,"y":496.19537353515627,"z":92.8521728515625},"rotation":{"x":0.10928736627101898,"y":0.0038500074297189714,"z":-0.0008030188619159162,"w":0.9940750598907471},"size":232.84002685546876,"orthographic":false}