{"cameraMode":{"drawMode":0,"name":"Shaded","section":"Shading Mode"},"sceneLighting":true,"audioPlay":false,"sceneViewState":{"showFog":true,"showMaterialUpdate":true,"showSkybox":true,"showFlares":true,"showImageEffects":true,"showParticleSystems":true},"in2DMode":false,"pivot":{"x":8.087154388427735,"y":-35.240360260009769,"z":47.871620178222659},"rotation":{"x":0.3267726004123688,"y":0.024376509711146356,"z":-0.008431335911154747,"w":0.9447552561759949},"size":46.40634536743164,"orthographic":false}