{"cameraMode":{"drawMode":0,"name":"Shaded","section":"Shading Mode"},"sceneLighting":false,"audioPlay":false,"sceneViewState":{"showFog":true,"showMaterialUpdate":true,"showSkybox":false,"showFlares":true,"showImageEffects":true,"showParticleSystems":true},"in2DMode":false,"pivot":{"x":5.714577674865723,"y":2.1941769123077394,"z":3.6211400032043459},"rotation":{"x":0.15303677320480348,"y":-0.14763842523097993,"z":0.023128274828195573,"w":0.9768640398979187},"size":5.708682537078857,"orthographic":false}