{"cameraMode":{"drawMode":0,"name":"Shaded","section":"Shading Mode"},"sceneLighting":false,"audioPlay":false,"sceneViewState":{"showFog":true,"showMaterialUpdate":true,"showSkybox":false,"showFlares":true,"showImageEffects":true,"showParticleSystems":true},"in2DMode":false,"pivot":{"x":0.0253409743309021,"y":-0.8476513624191284,"z":1.5582311153411866},"rotation":{"x":0.2839089035987854,"y":0.028759509325027467,"z":-0.008520388044416905,"w":0.9583877921104431},"size":1.782151460647583,"orthographic":false}