{"cameraMode":{"drawMode":0,"name":"Shaded","section":"Shading Mode"},"sceneLighting":false,"audioPlay":false,"sceneViewState":{"showFog":true,"showMaterialUpdate":true,"showSkybox":false,"showFlares":true,"showImageEffects":true,"showParticleSystems":true},"in2DMode":false,"pivot":{"x":9.576217651367188,"y":-6.637570858001709,"z":31.657371520996095},"rotation":{"x":0.12078305333852768,"y":0.07968217134475708,"z":-0.010183327831327916,"w":0.9895026087760925},"size":26.988765716552736,"orthographic":false}