{"cameraMode":{"drawMode":0,"name":"Shaded","section":"Shading Mode"},"sceneLighting":true,"audioPlay":false,"sceneViewState":{"showFog":true,"showMaterialUpdate":true,"showSkybox":false,"showFlares":true,"showImageEffects":true,"showParticleSystems":true},"in2DMode":false,"pivot":{"x":-13.140864372253418,"y":-12.59363842010498,"z":21.860252380371095},"rotation":{"x":0.2532901465892792,"y":-0.3183108866214752,"z":0.08817170560359955,"w":0.909342885017395},"size":21.321117401123048,"orthographic":false}