{"cameraMode":{"drawMode":0,"name":"Shaded","section":"Shading Mode"},"sceneLighting":true,"audioPlay":false,"sceneViewState":{"showFog":true,"showMaterialUpdate":true,"showSkybox":true,"showFlares":true,"showImageEffects":true,"showParticleSystems":true},"in2DMode":false,"pivot":{"x":3.7177298069000246,"y":-1.9860363006591797,"z":-0.7032127380371094},"rotation":{"x":-0.3676367700099945,"y":0.012830422259867192,"z":-0.005074536427855492,"w":-0.9298747777938843},"size":16.779590606689454,"orthographic":false}