{"cameraMode":{"drawMode":0,"name":"Shaded","section":"Shading Mode"},"sceneLighting":false,"audioPlay":false,"sceneViewState":{"showFog":true,"showMaterialUpdate":true,"showSkybox":false,"showFlares":true,"showImageEffects":true,"showParticleSystems":true},"in2DMode":false,"pivot":{"x":-1.121821641921997,"y":1.0496412515640259,"z":11.857378005981446},"rotation":{"x":0.04348491132259369,"y":-0.013780070468783379,"z":0.000533347309101373,"w":0.9989999532699585},"size":2.712585210800171,"orthographic":false}