{"cameraMode":{"drawMode":0,"name":"Shaded","section":"Shading Mode"},"sceneLighting":true,"audioPlay":false,"sceneViewState":{"showFog":true,"showMaterialUpdate":true,"showSkybox":true,"showFlares":true,"showImageEffects":true,"showParticleSystems":true},"in2DMode":false,"pivot":{"x":4.045630931854248,"y":6.047065734863281,"z":9.10470199584961},"rotation":{"x":-0.1834554523229599,"y":0.004715012386441231,"z":-0.0008831822779029608,"w":-0.9830220937728882},"size":27.467737197875978,"orthographic":false}