{"cameraMode":{"drawMode":0,"name":"Shaded","section":"Shading Mode"},"sceneLighting":true,"audioPlay":false,"sceneViewState":{"showFog":true,"showMaterialUpdate":true,"showSkybox":true,"showFlares":true,"showImageEffects":true,"showParticleSystems":true},"in2DMode":false,"pivot":{"x":1.4531643390655518,"y":-15.073711395263672,"z":75.96479797363281},"rotation":{"x":0.18342557549476624,"y":0.017693448811769487,"z":-0.003302069380879402,"w":0.9828701615333557},"size":57.72970962524414,"orthographic":false}