{"cameraMode":{"drawMode":0,"name":"Shaded","section":"Shading Mode"},"sceneLighting":false,"audioPlay":false,"sceneViewState":{"showFog":true,"showMaterialUpdate":true,"showSkybox":false,"showFlares":true,"showImageEffects":true,"showParticleSystems":true},"in2DMode":false,"pivot":{"x":0.1352550983428955,"y":3.1371853351593019,"z":-3.0530991554260256},"rotation":{"x":0.0404878668487072,"y":-0.006892629899084568,"z":0.00027929575298912823,"w":0.9991562962532044},"size":2.4236502647399904,"orthographic":false}