{"cameraMode":{"drawMode":0,"name":"Shaded","section":"Shading Mode"},"sceneLighting":false,"audioPlay":false,"sceneViewState":{"showFog":true,"showMaterialUpdate":true,"showSkybox":false,"showFlares":true,"showImageEffects":true,"showParticleSystems":true},"in2DMode":false,"pivot":{"x":-1.4958031177520753,"y":2.2207107543945314,"z":-3.779081344604492},"rotation":{"x":0.2854722738265991,"y":-0.0025913657154887916,"z":0.0007717336993664503,"w":0.9583838582038879},"size":4.23318338394165,"orthographic":false}