{"cameraMode":{"drawMode":0,"name":"Shaded","section":"Shading Mode"},"sceneLighting":true,"audioPlay":false,"sceneViewState":{"showFog":true,"showMaterialUpdate":true,"showSkybox":true,"showFlares":true,"showImageEffects":true,"showParticleSystems":true},"in2DMode":false,"pivot":{"x":-0.48534703254699709,"y":4.217741012573242,"z":-3.0551185607910158},"rotation":{"x":-0.16572296619415284,"y":-0.011540611274540425,"z":0.0019368246430531145,"w":-0.9861116409301758},"size":13.577597618103028,"orthographic":false}