{"cameraMode":{"drawMode":0,"name":"Shaded","section":"Shading Mode"},"sceneLighting":true,"audioPlay":false,"sceneViewState":{"showFog":true,"showMaterialUpdate":true,"showSkybox":true,"showFlares":true,"showImageEffects":true,"showParticleSystems":true},"in2DMode":false,"pivot":{"x":1.395261287689209,"y":5.302082061767578,"z":6.065544128417969},"rotation":{"x":-0.3676367700099945,"y":0.012830422259867192,"z":-0.005074536427855492,"w":-0.9298747777938843},"size":19.626811981201173,"orthographic":false}