{"cameraMode":{"drawMode":0,"name":"Shaded","section":"Shading Mode"},"sceneLighting":false,"audioPlay":false,"sceneViewState":{"showFog":true,"showMaterialUpdate":true,"showSkybox":false,"showFlares":true,"showImageEffects":true,"showParticleSystems":true},"in2DMode":false,"pivot":{"x":-26.448896408081056,"y":7.918285369873047,"z":14.644234657287598},"rotation":{"x":-0.25103098154067995,"y":0.09654615819454193,"z":-0.02488989755511284,"w":-0.9628951549530029},"size":1.3895574808120728,"orthographic":false}