{"cameraMode":{"drawMode":0,"name":"Shaded","section":"Shading Mode"},"sceneLighting":false,"audioPlay":false,"sceneViewState":{"showFog":true,"showMaterialUpdate":true,"showSkybox":false,"showFlares":true,"showImageEffects":true,"showParticleSystems":true},"in2DMode":false,"pivot":{"x":-8.32061767578125,"y":31.709999084472658,"z":-35.790000915527347},"rotation":{"x":0.2739555537700653,"y":-0.007511303294450045,"z":0.002067543100565672,"w":0.96175217628479},"size":10.0,"orthographic":false}