{"cameraMode":{"drawMode":0,"name":"Shaded","section":"Shading Mode"},"sceneLighting":true,"audioPlay":false,"sceneViewState":{"showFog":true,"showMaterialUpdate":true,"showSkybox":true,"showFlares":true,"showImageEffects":true,"showParticleSystems":true},"in2DMode":false,"pivot":{"x":-2.8654379844665529,"y":3.3862457275390627,"z":15.66879653930664},"rotation":{"x":0.3565087914466858,"y":-0.000686693238094449,"z":-0.00015889604401309043,"w":0.9343700408935547},"size":13.760518074035645,"orthographic":false}