{"cameraMode":{"drawMode":0,"name":"Shaded","section":"Shading Mode"},"sceneLighting":false,"audioPlay":false,"sceneViewState":{"showFog":true,"showMaterialUpdate":true,"showSkybox":false,"showFlares":true,"showImageEffects":true,"showParticleSystems":true},"in2DMode":false,"pivot":{"x":6.3258233070373539,"y":2.1732072830200197,"z":3.087161064147949},"rotation":{"x":0.18555735051631928,"y":0.05156252160668373,"z":-0.009751876816153527,"w":0.9812399744987488},"size":5.108682155609131,"orthographic":false}