{"cameraMode":{"drawMode":0,"name":"Shaded","section":"Shading Mode"},"sceneLighting":true,"audioPlay":false,"sceneViewState":{"showFog":true,"showMaterialUpdate":true,"showSkybox":true,"showFlares":true,"showImageEffects":true,"showParticleSystems":true},"in2DMode":false,"pivot":{"x":-3.9417808055877687,"y":0.6183854937553406,"z":12.45705795288086},"rotation":{"x":0.15033665299415589,"y":0.08526701480150223,"z":-0.013399865478277207,"w":0.9849298000335693},"size":22.651016235351564,"orthographic":false}