{"cameraMode":{"drawMode":0,"name":"Shaded","section":"Shading Mode"},"sceneLighting":false,"audioPlay":false,"sceneViewState":{"showFog":true,"showMaterialUpdate":true,"showSkybox":false,"showFlares":true,"showImageEffects":true,"showParticleSystems":true},"in2DMode":false,"pivot":{"x":380.7715759277344,"y":204.36178588867188,"z":25.80804443359375},"rotation":{"x":0.10928736627101898,"y":0.0038500074297189714,"z":-0.0008030188619159162,"w":0.9940750598907471},"size":215.688720703125,"orthographic":false}