{"cameraMode":{"drawMode":0,"name":"Shaded","section":"Shading Mode"},"sceneLighting":false,"audioPlay":false,"sceneViewState":{"showFog":true,"showMaterialUpdate":true,"showSkybox":false,"showFlares":true,"showImageEffects":true,"showParticleSystems":true},"in2DMode":false,"pivot":{"x":5.0,"y":-0.19999998807907105,"z":16.770000457763673},"rotation":{"x":0.24205884337425233,"y":-0.009900234639644623,"z":0.0024698737543076278,"w":0.9702086448669434},"size":1.080508828163147,"orthographic":false}