{"cameraMode":{"drawMode":0,"name":"Shaded","section":"Shading Mode"},"sceneLighting":true,"audioPlay":false,"sceneViewState":{"showFog":true,"showMaterialUpdate":true,"showSkybox":true,"showFlares":true,"showImageEffects":true,"showParticleSystems":true},"in2DMode":false,"pivot":{"x":-1.6239452362060547,"y":2.211040496826172,"z":-2.327577590942383},"rotation":{"x":-0.32254788279533389,"y":-0.021013734862208368,"z":0.007161300629377365,"w":-0.9463001489639282},"size":13.96131420135498,"orthographic":false}