{"cameraMode":{"drawMode":0,"name":"Shaded","section":"Shading Mode"},"sceneLighting":false,"audioPlay":false,"sceneViewState":{"showFog":true,"showMaterialUpdate":true,"showSkybox":false,"showFlares":true,"showImageEffects":true,"showParticleSystems":true},"in2DMode":false,"pivot":{"x":0.04700589179992676,"y":-0.6337670087814331,"z":-8.551663398742676},"rotation":{"x":-0.1942034810781479,"y":-0.7642803192138672,"z":0.26820579171180727,"w":-0.5533992648124695},"size":2.70739483833313,"orthographic":false}