{"cameraMode":{"drawMode":0,"name":"Shaded","section":"Shading Mode"},"sceneLighting":false,"audioPlay":false,"sceneViewState":{"showFog":true,"showMaterialUpdate":true,"showSkybox":false,"showFlares":true,"showImageEffects":true,"showParticleSystems":true},"in2DMode":false,"pivot":{"x":30.23765754699707,"y":7.8792643547058109,"z":18.779052734375},"rotation":{"x":0.20568740367889405,"y":0.10983013361692429,"z":-0.023249076679348947,"w":0.9721817970275879},"size":5.15064001083374,"orthographic":false}