{"cameraMode":{"drawMode":0,"name":"Shaded","section":"Shading Mode"},"sceneLighting":false,"audioPlay":false,"sceneViewState":{"showFog":true,"showMaterialUpdate":true,"showSkybox":false,"showFlares":true,"showImageEffects":true,"showParticleSystems":true},"in2DMode":false,"pivot":{"x":4.906883716583252,"y":10.855267524719239,"z":-5.175376892089844},"rotation":{"x":0.1360349804162979,"y":0.025257546454668046,"z":-0.003481085179373622,"w":0.9903944730758667},"size":9.439264297485352,"orthographic":false}