{"cameraMode":{"drawMode":0,"name":"Shaded","section":"Shading Mode"},"sceneLighting":false,"audioPlay":false,"sceneViewState":{"showFog":true,"showMaterialUpdate":true,"showSkybox":false,"showFlares":true,"showImageEffects":true,"showParticleSystems":true},"in2DMode":false,"pivot":{"x":-1.9600000381469727,"y":2.0299999713897707,"z":6.4681396484375},"rotation":{"x":0.2854722738265991,"y":-0.0025913657154887916,"z":0.0007717336993664503,"w":0.9583838582038879},"size":3.95485782623291,"orthographic":false}