{"cameraMode":{"drawMode":0,"name":"Shaded","section":"Shading Mode"},"sceneLighting":false,"audioPlay":false,"sceneViewState":{"showFog":true,"showMaterialUpdate":true,"showSkybox":false,"showFlares":true,"showImageEffects":true,"showParticleSystems":true},"in2DMode":false,"pivot":{"x":6.148777008056641,"y":0.21861088275909425,"z":2.334960460662842},"rotation":{"x":0.18555735051631928,"y":0.05156252160668373,"z":-0.009751876816153527,"w":0.9812399744987488},"size":3.4868640899658205,"orthographic":false}