{"cameraMode":{"drawMode":0,"name":"Shaded","section":"Shading Mode"},"sceneLighting":true,"audioPlay":false,"sceneViewState":{"showFog":true,"showMaterialUpdate":true,"showSkybox":true,"showFlares":true,"showImageEffects":true,"showParticleSystems":true},"in2DMode":false,"pivot":{"x":2.2200028896331789,"y":-4.782879829406738,"z":-5.592029571533203},"rotation":{"x":0.32682523131370547,"y":0.017290089279413224,"z":-0.005980451591312885,"w":0.9449087977409363},"size":15.0540771484375,"orthographic":false}