{"cameraMode":{"drawMode":0,"name":"Shaded","section":"Shading Mode"},"sceneLighting":false,"audioPlay":false,"sceneViewState":{"showFog":true,"showMaterialUpdate":true,"showSkybox":false,"showFlares":true,"showImageEffects":true,"showParticleSystems":true},"in2DMode":false,"pivot":{"x":5.051664352416992,"y":0.22768962383270265,"z":16.982404708862306},"rotation":{"x":0.07639822363853455,"y":-0.026622619479894639,"z":0.002040453255176544,"w":0.9967204928398132},"size":2.8805086612701418,"orthographic":false}