{"cameraMode":{"drawMode":0,"name":"Shaded","section":"Shading Mode"},"sceneLighting":false,"audioPlay":false,"sceneViewState":{"showFog":true,"showMaterialUpdate":true,"showSkybox":false,"showFlares":true,"showImageEffects":true,"showParticleSystems":true},"in2DMode":false,"pivot":{"x":5.5632758140563969,"y":2.1959807872772219,"z":6.305047035217285},"rotation":{"x":0.2854722738265991,"y":-0.0025913657154887916,"z":0.0007717336993664503,"w":0.9583838582038879},"size":4.04256534576416,"orthographic":false}