{"cameraMode":{"drawMode":0,"name":"Shaded","section":"Shading Mode"},"sceneLighting":false,"audioPlay":false,"sceneViewState":{"showFog":true,"showMaterialUpdate":true,"showSkybox":false,"showFlares":true,"showImageEffects":true,"showParticleSystems":true},"in2DMode":false,"pivot":{"x":-3.6599998474121095,"y":1.9700000286102296,"z":-2.130000114440918},"rotation":{"x":0.19670650362968446,"y":0.008552614599466324,"z":-0.001757509191520512,"w":0.9804527163505554},"size":3.597346067428589,"orthographic":false}