{"cameraMode":{"drawMode":0,"name":"Shaded","section":"Shading Mode"},"sceneLighting":false,"audioPlay":false,"sceneViewState":{"showFog":true,"showMaterialUpdate":true,"showSkybox":false,"showFlares":true,"showImageEffects":true,"showParticleSystems":true},"in2DMode":false,"pivot":{"x":-11.578929901123047,"y":-24.532386779785158,"z":37.05750274658203},"rotation":{"x":0.33958470821380618,"y":0.013814238831400872,"z":-0.005054809618741274,"w":0.9405044913291931},"size":35.95481491088867,"orthographic":false}