{"cameraMode":{"drawMode":0,"name":"Shaded","section":"Shading Mode"},"sceneLighting":true,"audioPlay":false,"sceneViewState":{"showFog":true,"showMaterialUpdate":true,"showSkybox":true,"showFlares":true,"showImageEffects":true,"showParticleSystems":true},"in2DMode":false,"pivot":{"x":-5.815515518188477,"y":-16.053714752197267,"z":22.928932189941408},"rotation":{"x":-0.22161228954792024,"y":-0.01726127415895462,"z":0.003922825679183006,"w":-0.9749820828437805},"size":45.43175506591797,"orthographic":false}