{"cameraMode":{"drawMode":0,"name":"Shaded","section":"Shading Mode"},"sceneLighting":false,"audioPlay":false,"sceneViewState":{"showFog":true,"showMaterialUpdate":true,"showSkybox":false,"showFlares":true,"showImageEffects":true,"showParticleSystems":true},"in2DMode":false,"pivot":{"x":7.230000019073486,"y":1.9700000286102296,"z":-13.630000114440918},"rotation":{"x":0.2854722738265991,"y":-0.0025913657154887916,"z":0.0007717336993664503,"w":0.9583838582038879},"size":3.597346305847168,"orthographic":false}