{"cameraMode":{"drawMode":0,"name":"Shaded","section":"Shading Mode"},"sceneLighting":true,"audioPlay":false,"sceneViewState":{"showFog":true,"showMaterialUpdate":true,"showSkybox":true,"showFlares":true,"showImageEffects":true,"showParticleSystems":true},"in2DMode":false,"pivot":{"x":-4.708444595336914,"y":-1.1537437438964844,"z":-0.3169517517089844},"rotation":{"x":-0.3840978145599365,"y":0.03350197896361351,"z":-0.01394965685904026,"w":-0.9225873351097107},"size":15.888526916503907,"orthographic":false}