{"cameraMode":{"drawMode":0,"name":"Shaded","section":"Shading Mode"},"sceneLighting":false,"audioPlay":false,"sceneViewState":{"showFog":true,"showMaterialUpdate":true,"showSkybox":false,"showFlares":true,"showImageEffects":true,"showParticleSystems":true},"in2DMode":false,"pivot":{"x":-18.645265579223634,"y":-4.0,"z":6.433816909790039},"rotation":{"x":0.11818817257881165,"y":0.024123679846525193,"z":-0.0028718342073261739,"w":0.9926965832710266},"size":4.6328911781311039,"orthographic":false}