{"cameraMode":{"drawMode":0,"name":"Shaded","section":"Shading Mode"},"sceneLighting":true,"audioPlay":false,"sceneViewState":{"showFog":true,"showMaterialUpdate":true,"showSkybox":true,"showFlares":true,"showImageEffects":true,"showParticleSystems":true},"in2DMode":false,"pivot":{"x":-1.002720832824707,"y":-69.84919738769531,"z":53.117431640625},"rotation":{"x":-0.40364760160446169,"y":-0.0038466400001198055,"z":0.0016937064938247204,"w":-0.9149109125137329},"size":62.70791244506836,"orthographic":false}