{"cameraMode":{"drawMode":0,"name":"Shaded","section":"Shading Mode"},"sceneLighting":true,"audioPlay":false,"sceneViewState":{"showFog":true,"showMaterialUpdate":true,"showSkybox":true,"showFlares":true,"showImageEffects":true,"showParticleSystems":true},"in2DMode":false,"pivot":{"x":12.148980140686036,"y":1.7807960510253907,"z":3.0613555908203127},"rotation":{"x":-0.3676367700099945,"y":0.012830422259867192,"z":-0.005074536427855492,"w":-0.9298747777938843},"size":29.986183166503908,"orthographic":false}