{"cameraMode":{"drawMode":0,"name":"Shaded","section":"Shading Mode"},"sceneLighting":true,"audioPlay":false,"sceneViewState":{"showFog":true,"showMaterialUpdate":true,"showSkybox":true,"showFlares":true,"showImageEffects":true,"showParticleSystems":true},"in2DMode":false,"pivot":{"x":-2.3579912185668947,"y":1.0569114685058594,"z":1.982126235961914},"rotation":{"x":-0.3676367700099945,"y":0.012830422259867192,"z":-0.005074536427855492,"w":-0.9298747777938843},"size":17.65985107421875,"orthographic":false}